time,open,high,low,close,"Pattern Alert",Volume
1660242600,133.066,133.099,133.048,133.048,0,0
1660242900,133.048,133.094,133.04,133.092,0,0
1660243200,133.092,133.092,133.032,133.032,0,0
1660243500,133.032,133.045,132.968,132.982,0,0
1660243800,132.982,133.002,132.96,132.96,0,0
1660244100,132.96,132.967,132.925,132.926,0,0
1660244400,132.926,132.963,132.926,132.937,0,0
1660244700,132.937,132.956,132.93,132.935,0,0
1660245000,132.935,132.991,132.928,132.984,0,0
1660245300,132.984,132.989,132.944,132.953,0,0
1660245600,132.953,132.963,132.935,132.962,0,0
1660245900,132.962,132.964,132.933,132.94,0,0
1660246200,132.94,132.962,132.939,132.952,0,0
1660246500,132.952,132.981,132.941,132.966,0,0
1660246800,132.966,132.981,132.964,132.98,0,0
1660247100,132.98,133.069,132.97,133.068,0,0
1660247400,133.068,133.108,133.059,133.106,0,0
1660247700,133.106,133.132,133.086,133.113,0,0
1660248000,133.113,133.125,133.089,133.105,0,0
1660248300,133.105,133.113,133.063,133.067,0,0
1660248600,133.067,133.094,133.05,133.051,0,0
1660248900,133.051,133.061,133.049,133.05,0,0
1660249200,133.05,133.053,133.03,133.033,0,0
1660249500,133.033,133.06,133.033,133.058,0,0
1660249800,133.058,133.061,133.019,133.019,0,0
1660250100,133.019,133.019,133.003,133.016,0,0
1660250400,133.016,133.024,133.001,133.022,0,0
1660250700,133.022,133.034,133.017,133.029,0,0
1660251000,133.029,133.029,132.979,132.979,0,0
1660251300,132.979,132.991,132.957,132.986,0,0
1660251600,132.986,132.996,132.983,132.993,0,0
1660251900,132.993,133.003,132.984,132.984,0,0
1660252200,132.984,133.002,132.984,132.988,0,0
1660252500,132.988,132.99,132.981,132.984,0,0
1660252800,132.984,132.985,132.938,132.975,0,0
1660253100,132.975,132.985,132.975,132.981,0,0
1660253400,132.981,132.998,132.98,132.998,0,0
1660253700,132.998,133.002,132.997,133,0,0
1660254000,133,133,132.996,132.998,0,0
1660254300,132.998,133.002,132.995,133.001,0,0
1660254600,133.001,133.002,132.996,132.997,0,0
1660254900,132.997,132.998,132.995,132.997,0,0
1660255200,132.997,133.01,132.904,132.908,0,0
1660255500,132.908,132.931,132.905,132.908,0,0
1660255800,132.908,132.94,132.88,132.883,0,0
1660256100,132.883,132.902,132.883,132.9,0,0
1660256400,132.9,132.914,132.888,132.892,0,0
1660256700,132.892,132.917,132.885,132.888,0,0
1660257000,132.888,132.938,132.886,132.932,0,0
1660257300,132.932,132.948,132.923,132.938,0,0
1660257600,132.938,132.952,132.926,132.935,0,0
1660257900,132.935,132.953,132.929,132.953,0,0
1660258200,132.953,132.98,132.953,132.979,0,0
1660258500,132.979,132.985,132.886,132.949,0,0
1660258800,132.949,132.99,132.947,132.979,0,0
1660259100,132.979,133.012,132.979,133.012,0,0
1660259400,133.012,133.046,133.009,133.029,0,0
1660259700,133.029,133.056,133.029,133.051,0,0
1660260000,133.051,133.067,133.047,133.06,0,0
1660260300,133.06,133.069,133.055,133.059,0,0
1660260600,133.059,133.085,133.044,133.08,0,0
1660260900,133.08,133.086,133.056,133.075,0,0
1660261200,133.075,133.104,133.069,133.091,0,0
1660261500,133.091,133.111,133.075,133.083,0,0
1660261800,133.083,133.083,132.983,132.988,0,0
1660262100,132.988,133.008,132.964,133.008,0,0
1660262400,133.008,133.064,132.901,133.017,0,0
1660262700,133.017,133.185,133.017,133.172,0,0
1660263000,133.172,133.229,133.139,133.224,0,0
1660263300,133.224,133.268,133.191,133.2,0,0
1660263600,133.2,133.231,133.182,133.208,0,0
1660263900,133.208,133.347,133.208,133.344,0,0
1660264200,133.344,133.422,133.34,133.38,0,0
1660264500,133.38,133.44,133.361,133.434,0,0
1660264800,133.434,133.437,133.328,133.334,0,0
1660265100,133.334,133.407,133.33,133.404,0,0
1660265400,133.404,133.404,133.288,133.296,0,0
1660265700,133.296,133.307,133.25,133.272,0,0
1660266000,133.272,133.317,133.188,133.204,0,0
1660266300,133.204,133.262,133.2,133.24,0,0
1660266600,133.24,133.251,133.17,133.184,0,0
1660266900,133.184,133.252,133.164,133.249,0,0
1660267200,133.249,133.263,133.22,133.256,0,0
1660267500,133.256,133.281,133.166,133.204,0,0
1660267800,133.204,133.282,133.204,133.262,0,0
1660268100,133.262,133.268,133.229,133.257,0,0
1660268400,133.257,133.289,133.234,133.281,0,0
1660268700,133.281,133.361,133.281,133.361,0,0
1660269000,133.361,133.385,133.354,133.376,0,0
1660269300,133.376,133.379,133.305,133.306,0,0
1660269600,133.306,133.38,133.297,133.38,0,0
1660269900,133.38,133.392,133.341,133.361,0,0
1660270200,133.361,133.377,133.332,133.332,0,0
1660270500,133.332,133.385,133.332,133.349,0,0
1660270800,133.349,133.375,133.334,133.36,0,0
1660271100,133.36,133.385,133.347,133.376,0,0
1660271400,133.376,133.485,133.37,133.469,0,0
1660271700,133.469,133.491,133.445,133.485,0,0
1660272000,133.485,133.486,133.431,133.45,0,0
1660272300,133.45,133.457,133.412,133.438,0,0
1660272600,133.438,133.456,133.415,133.421,0,0
1660272900,133.421,133.44,133.403,133.439,0,0
1660273200,133.439,133.448,133.393,133.4,0,0
1660273500,133.4,133.432,133.387,133.387,0,0
1660273800,133.387,133.394,133.346,133.347,0,0
1660274100,133.347,133.362,133.293,133.296,0,0
1660274400,133.296,133.313,133.27,133.307,0,0
1660274700,133.307,133.335,133.305,133.33,0,0
1660275000,133.33,133.37,133.322,133.324,0,0
1660275300,133.324,133.339,133.291,133.306,0,0
1660275600,133.306,133.308,133.248,133.277,0,0
1660275900,133.277,133.289,133.275,133.279,0,0
1660276200,133.279,133.307,133.277,133.277,0,0
1660276500,133.277,133.287,133.271,133.278,0,0
1660276800,133.278,133.337,133.276,133.279,0,0
1660277100,133.279,133.293,133.152,133.171,0,0
1660277400,133.171,133.195,133.161,133.195,0,0
1660277700,133.195,133.209,133.154,133.155,0,0
1660278000,133.155,133.182,133.094,133.181,0,0
1660278300,133.181,133.181,133.122,133.148,0,0
1660278600,133.148,133.181,133.127,133.143,0,0
1660278900,133.143,133.162,133.121,133.162,0,0
1660279200,133.162,133.227,133.15,133.226,0,0
1660279500,133.226,133.227,133.195,133.227,0,0
1660279800,133.227,133.235,133.198,133.221,0,0
1660280100,133.221,133.244,133.202,133.244,0,0
1660280400,133.244,133.253,133.233,133.241,0,0
1660280700,133.241,133.283,133.24,133.252,0,0
1660281000,133.252,133.283,133.251,133.265,0,0
1660281300,133.265,133.275,133.216,133.217,0,0
1660281600,133.217,133.221,133.19,133.195,0,0
1660281900,133.195,133.205,133.162,133.185,0,0
1660282200,133.185,133.19,133.13,133.145,0,0
1660282500,133.145,133.151,133.102,133.106,0,0
1660282800,133.106,133.119,133.097,133.111,0,0
1660283100,133.111,133.113,133.07,133.091,0,0
1660283400,133.091,133.168,133.081,133.168,0,0
1660283700,133.168,133.194,133.164,133.175,0,0
1660284000,133.175,133.288,133.139,133.281,0,0
1660284300,133.281,133.291,133.248,133.282,0,0
1660284600,133.282,133.282,133.224,133.239,0,0
1660284900,133.239,133.252,133.203,133.211,0,0
1660285200,133.211,133.256,133.211,133.253,0,0
1660285500,133.253,133.349,133.248,133.343,0,0
1660285800,133.343,133.39,133.318,133.377,0,0
1660286100,133.377,133.39,133.348,133.361,0,0
1660286400,133.361,133.371,133.275,133.288,0,0
1660286700,133.288,133.295,133.244,133.267,0,0
1660287000,133.267,133.283,133.24,133.266,0,0
1660287300,133.266,133.339,133.261,133.332,0,0
1660287600,133.332,133.373,133.298,133.349,0,0
1660287900,133.349,133.438,133.344,133.363,0,0
1660288200,133.363,133.368,133.212,133.262,0,0
1660288500,133.262,133.274,133.211,133.231,0,0
1660288800,133.231,133.31,133.21,133.224,0,0
1660289100,133.224,133.319,133.186,133.317,0,0
1660289400,133.317,133.383,133.313,133.365,0,0
1660289700,133.365,133.42,133.351,133.357,0,0
1660290000,133.357,133.379,133.306,133.313,0,0
1660290300,133.313,133.355,133.306,133.331,0,0
1660290600,133.331,133.362,133.296,133.304,0,0
1660290900,133.304,133.325,133.253,133.26,0,0
1660291200,133.26,133.284,133.205,133.26,0,0
1660291500,133.26,133.3,133.229,133.233,0,0
1660291800,133.233,133.249,133.202,133.225,0,0
1660292100,133.225,133.278,133.224,133.265,0,0
1660292400,133.265,133.323,133.255,133.312,0,0
1660292700,133.312,133.357,133.293,133.332,0,0
1660293000,133.332,133.337,133.305,133.324,0,0
1660293300,133.324,133.332,133.272,133.282,0,0
1660293600,133.282,133.305,133.272,133.281,0,0
1660293900,133.281,133.281,133.169,133.187,0,0
1660294200,133.187,133.248,133.175,133.228,0,0
1660294500,133.228,133.27,133.207,133.231,0,0
1660294800,133.231,133.269,133.231,133.262,0,0
1660295100,133.262,133.304,133.25,133.291,0,0
1660295400,133.291,133.324,133.277,133.324,0,0
1660295700,133.324,133.324,133.272,133.297,0,0
1660296000,133.297,133.3,133.271,133.282,0,0
1660296300,133.282,133.33,133.282,133.322,0,0
1660296600,133.322,133.346,133.312,133.337,0,0
1660296900,133.337,133.441,133.337,133.414,0,0
1660297200,133.414,133.432,133.38,133.38,0,0
1660297500,133.38,133.422,133.379,133.42,0,0
1660297800,133.42,133.474,133.42,133.432,0,0
1660298100,133.432,133.479,133.406,133.474,0,0
1660298400,133.474,133.474,133.368,133.375,0,0
1660298700,133.375,133.442,133.348,133.438,0,0
1660299000,133.438,133.577,133.394,133.572,0,0
1660299300,133.572,133.651,133.55,133.599,0,0
1660299600,133.599,133.62,133.528,133.57,0,0
1660299900,133.57,133.571,133.498,133.509,0,0
1660300200,133.509,133.546,133.505,133.524,0,0
1660300500,133.524,133.561,133.52,133.527,0,0
1660300800,133.527,133.551,133.467,133.544,0,0
1660301100,133.544,133.721,133.538,133.697,0,0
1660301400,133.697,133.697,133.597,133.623,0,0
1660301700,133.623,133.686,133.602,133.606,0,0
1660302000,133.606,133.636,133.588,133.625,1,0
1660302300,133.625,133.633,133.544,133.555,0,0
1660302600,133.555,133.618,133.525,133.608,0,0
1660302900,133.608,133.672,133.589,133.654,0,0
1660303200,133.654,133.841,133.654,133.806,0,0
1660303500,133.806,133.811,133.767,133.791,0,0
1660303800,133.791,133.812,133.748,133.765,0,0
1660304100,133.765,133.846,133.747,133.844,0,0
1660304400,133.844,133.889,133.809,133.817,0,0
1660304700,133.817,133.836,133.736,133.749,0,0
1660305000,133.749,133.791,133.739,133.748,0,0
1660305300,133.748,133.824,133.736,133.82,0,0
1660305600,133.82,133.881,133.785,133.824,0,0
1660305900,133.824,133.838,133.751,133.769,0,0
1660306200,133.769,133.773,133.623,133.662,0,0
1660306500,133.662,133.678,133.526,133.572,0,0
1660306800,133.572,133.605,133.447,133.482,0,0
1660307100,133.482,133.61,133.482,133.569,0,0
1660307400,133.569,133.651,133.538,133.643,0,0
1660307700,133.643,133.661,133.597,133.612,0,0
1660308000,133.612,133.753,133.598,133.734,0,0
1660308300,133.734,133.843,133.707,133.831,0,0
1660308600,133.831,133.837,133.721,133.741,0,0
1660308900,133.741,133.784,133.686,133.686,0,0
1660309200,133.686,133.686,133.616,133.642,0,0
1660309500,133.642,133.736,133.606,133.733,0,0
1660309800,133.733,133.761,133.664,133.67,0,0
1660310100,133.67,133.67,133.562,133.617,0,0
1660310400,133.617,133.629,133.536,133.549,0,0
1660310700,133.549,133.644,133.525,133.619,0,0
1660311000,133.619,133.691,133.573,133.632,0,0
1660311300,133.632,133.693,133.606,133.692,0,0
1660311600,133.692,133.702,133.61,133.668,0,0
1660311900,133.668,133.668,133.532,133.551,0,0
1660312200,133.551,133.575,133.492,133.505,0,0
1660312500,133.505,133.527,133.457,133.475,0,0
1660312800,133.475,133.867,133.475,133.803,0,0
1660313100,133.803,133.823,133.606,133.681,0,0
1660313400,133.681,133.704,133.522,133.615,0,0
1660313700,133.615,133.675,133.549,133.651,0,0
1660314000,133.651,133.737,133.647,133.683,0,0
1660314300,133.683,133.762,133.662,133.728,0,0
1660314600,133.728,133.729,133.436,133.493,0,0
1660314900,133.493,133.668,133.493,133.663,0,0
1660315200,133.663,133.678,133.599,133.628,0,0
1660315500,133.628,133.645,133.581,133.617,0,0
1660315800,133.617,133.747,133.591,133.714,0,0
1660316100,133.714,133.74,133.678,133.716,0,0
1660316400,133.716,133.717,133.599,133.62,0,0
1660316700,133.62,133.663,133.597,133.661,0,0
1660317000,133.661,133.661,133.598,133.615,0,0
1660317300,133.615,133.623,133.536,133.572,0,0
1660317600,133.572,133.632,133.556,133.631,0,0
1660317900,133.631,133.637,133.599,133.599,0,0
1660318200,133.599,133.608,133.563,133.587,0,0
1660318500,133.587,133.609,133.554,133.609,0,0
1660318800,133.609,133.654,133.599,133.635,0,0
1660319100,133.635,133.635,133.557,133.572,0,0
1660319400,133.572,133.609,133.566,133.602,0,0
1660319700,133.602,133.607,133.539,133.581,0,0
1660320000,133.581,133.608,133.565,133.567,0,0
1660320300,133.567,133.585,133.553,133.565,0,0
1660320600,133.565,133.567,133.537,133.545,0,0
1660320900,133.545,133.546,133.503,133.512,0,0
1660321200,133.512,133.533,133.51,133.528,0,0
1660321500,133.528,133.572,133.519,133.567,0,0
1660321800,133.567,133.567,133.527,133.533,0,0
1660322100,133.533,133.582,133.533,133.56,0,0
1660322400,133.56,133.582,133.556,133.567,0,0
1660322700,133.567,133.574,133.549,133.55,0,0
1660323000,133.55,133.596,133.547,133.593,0,0
1660323300,133.593,133.6,133.569,133.588,0,0
1660323600,133.588,133.588,133.539,133.543,0,0
1660323900,133.543,133.544,133.477,133.493,0,0
1660324200,133.493,133.539,133.484,133.522,0,0
1660324500,133.522,133.523,133.495,133.512,0,0
1660324800,133.512,133.514,133.472,133.481,0,0
1660325100,133.481,133.489,133.465,133.479,0,0
1660325400,133.479,133.48,133.457,133.467,0,0
1660325700,133.467,133.483,133.434,133.475,0,0
1660326000,133.475,133.48,133.464,133.467,0,0
1660326300,133.467,133.474,133.438,133.441,0,0
1660326600,133.441,133.459,133.437,133.452,0,0
1660326900,133.452,133.473,133.441,133.473,0,0
1660327200,133.473,133.51,133.47,133.503,0,0
1660327500,133.503,133.504,133.474,133.477,0,0
1660327800,133.477,133.486,133.443,133.443,0,0
1660328100,133.443,133.45,133.438,133.443,0,0
1660328400,133.443,133.462,133.441,133.448,0,0
1660328700,133.448,133.462,133.435,133.458,0,0
